-- MySQL Script generated by MySQL Workbench
-- Wed Mar 19 21:27:59 2025
-- Model: New Model    Version: 1.0
-- MySQL Workbench Forward Engineering

SET @OLD_UNIQUE_CHECKS=@@UNIQUE_CHECKS, UNIQUE_CHECKS=0;
SET @OLD_FOREIGN_KEY_CHECKS=@@FOREIGN_KEY_CHECKS, FOREIGN_KEY_CHECKS=0;
SET @OLD_SQL_MODE=@@SQL_MODE, SQL_MODE='ONLY_FULL_GROUP_BY,STRICT_TRANS_TABLES,NO_ZERO_IN_DATE,NO_ZERO_DATE,ERROR_FOR_DIVISION_BY_ZERO,NO_ENGINE_SUBSTITUTION';

-- -----------------------------------------------------
-- Schema mydb
-- -----------------------------------------------------
DROP SCHEMA IF EXISTS `mydb` ;

-- -----------------------------------------------------
-- Schema mydb
-- -----------------------------------------------------
CREATE SCHEMA IF NOT EXISTS `mydb` DEFAULT CHARACTER SET utf8mb3 ;
USE `mydb` ;

-- -----------------------------------------------------
-- Table `mydb`.`checkout`
-- -----------------------------------------------------
DROP TABLE IF EXISTS `mydb`.`checkout` ;

CREATE TABLE IF NOT EXISTS `mydb`.`checkout` (
  `id` INT NOT NULL AUTO_INCREMENT,
  `studentid` INT NOT NULL,
  `equipmentid` INT NOT NULL,
  `checkoutdate` DATE NOT NULL,
  `duedate` DATE NOT NULL,
  `checkindate` DATE NULL DEFAULT NULL,
  PRIMARY KEY (`id`))
ENGINE = InnoDB
DEFAULT CHARACTER SET = utf8mb3;


-- -----------------------------------------------------
-- Table `mydb`.`equipment`
-- -----------------------------------------------------
DROP TABLE IF EXISTS `mydb`.`equipment` ;

CREATE TABLE IF NOT EXISTS `mydb`.`equipment` (
  `id` INT NOT NULL,
  `barcode` INT NULL DEFAULT NULL,
  `name` VARCHAR(45) NULL DEFAULT NULL,
  `description` LONGTEXT NULL DEFAULT NULL,
  PRIMARY KEY (`id`),
  UNIQUE INDEX `id_UNIQUE` (`id` ASC) VISIBLE,
  UNIQUE INDEX `barcode_UNIQUE` (`barcode` ASC) VISIBLE)
ENGINE = InnoDB
DEFAULT CHARACTER SET = utf8mb3;


-- -----------------------------------------------------
-- Table `mydb`.`request`
-- -----------------------------------------------------
DROP TABLE IF EXISTS `mydb`.`request` ;

CREATE TABLE IF NOT EXISTS `mydb`.`request` (
  `id` INT NOT NULL AUTO_INCREMENT,
  `create_time` TIMESTAMP NULL DEFAULT NULL,
  `description` LONGTEXT NULL DEFAULT NULL,
  `accepted` TINYINT NULL DEFAULT NULL,
  `user_id` INT NULL DEFAULT NULL,
  `equipment_id` INT NULL DEFAULT NULL,
  PRIMARY KEY (`id`),
  UNIQUE INDEX `id_UNIQUE` (`id` ASC) VISIBLE)
ENGINE = InnoDB
AUTO_INCREMENT = 9876545
DEFAULT CHARACTER SET = utf8mb3;


-- -----------------------------------------------------
-- Table `mydb`.`user`
-- -----------------------------------------------------
DROP TABLE IF EXISTS `mydb`.`user` ;

CREATE TABLE IF NOT EXISTS `mydb`.`user` (
  `username` VARCHAR(16) NOT NULL,
  `email` VARCHAR(255) NULL DEFAULT NULL,
  `password` VARCHAR(32) NOT NULL,
  `create_time` TIMESTAMP NULL DEFAULT CURRENT_TIMESTAMP,
  `uid` INT NOT NULL AUTO_INCREMENT,
  `isfaculty` TINYINT NULL DEFAULT NULL,
  PRIMARY KEY (`uid`))
ENGINE = InnoDB
DEFAULT CHARACTER SET = utf8mb3;


SET SQL_MODE=@OLD_SQL_MODE;
SET FOREIGN_KEY_CHECKS=@OLD_FOREIGN_KEY_CHECKS;
SET UNIQUE_CHECKS=@OLD_UNIQUE_CHECKS;



INSERT INTO user (username, password) VALUES
('wert1728', 'MONmon19$'),
('gert1924', 'GIGtime21%'),
('ghet1928', 'TALtal31&'),
('newt1923', 'BIGsmall22#'),
('seng1927', 'COMteach60$');

INSERT INTO request (id, create_time, description, accepted, user_id, equipment_id) 
VALUES 
(1234567, '2025-02-18 10:30:00', 'Request for specific Sony camera.', 1, 2536471, 12),
(4567890, '2025-02-18 11:00:00', 'Request for Super-Special camera.', 0, 4673920, 15),
(5673839, '2025-02-18 11:30:00', 'Request for less special camera.', 1, 5261822, 9),
(2839178, '2025-02-18 12:00:00', 'Request for insanely expensive camera.', 0, 5362891, 18),
(9876544, '2025-02-18 12:30:00', 'Request for super cheap camera.', 1, 9876534, 20);

INSERT INTO `mydb`.`user` (username, email, password, create_time, uid, isfaculty) 
VALUES ('steve', 'jone1456@ravens.benedictine.edu', 'MONmon19$', '2025-03-24', 1234567, false);

INSERT INTO `mydb`.`user` (username, email, password, create_time, uid, isfaculty)  
VALUES ('alyssa', 'alex3142@ravens.benedictine.edu', 'GIGtime21%', '2025-04-18', 5261627, false);

INSERT INTO `mydb`.`user` (username, email, password, create_time, uid, isfaculty) 
VALUES ('alexis', 'morg5261@ravens.benedictine.edu', 'TALtal31&', '2025-04-25', 4567283, true);

INSERT INTO `mydb`.`user` (username, email, password, create_time, uid, isfaculty) 
VALUES ('alex', 'safe1627@ravens.benedictine.edu', 'BIGsmall22#', '2025-05-01', 2563764, false);

INSERT INTO `mydb`.`user` (username, email, password, create_time, uid, isfaculty)  
VALUES ('donald', 'jack2839@ravens.benedictine.edu', 'COMteach60$', '2025-05-11', 9876543, true);

INSERT INTO `mydb`.`equipment` (id, barcode, name, description) 
VALUES (12, 123456789, 'Big Camera', 'This camera is really big.');

INSERT INTO `mydb`.`equipment` (id, barcode, name, description)  
VALUES (15, 782345267, 'Small Camera', 'This camera is really small.');

INSERT INTO `mydb`.`equipment` (id, barcode, name, description)  
VALUES (9, 829151727, 'VIP Camera', 'This camera is really special.');

INSERT INTO `mydb`.`equipment` (id, barcode, name, description) 
VALUES (18, 354866545, 'Average Camera', 'This camera is really average.');

INSERT INTO `mydb`.`equipment` (id, barcode, name, description) 
VALUES (20, 345679284, 'Complex Camera', 'This camera is really complex.');
select * from request;
INSERT INTO checkout
(id, studentid, equipmentid, checkoutdate, duedate)
VALUES
(1234567, 2536471, 12, '2025-02-18 10:30:00', '2025-03-01 10:30:00'),
(4567890, 4673920, 15, '2025-02-18 11:00:00', '2025-03-01 11:00:00'),
(5673839, 5261822, 9, '2025-02-18 11:30:00', '2025-03-01 11:30:00'),
(2839178, 5362891, 18, '2025-02-18 12:00:00', '2025-03-01 12:00:00'),
(9876544, 9876534, 20, '2025-02-18 12:30:00', '2025-03-01 12:30:00');

select * from checkout;

Select q.name, r.id, r.description from equipment q, request r where q.id = r.equipment_id;

select * from request;